Grannies Gone Wild.txt	2706
MMMystery on the Friendship Express.txt	2586
Crusaders of the Lost Mark.txt	2961
The Show Stoppers.txt	2352
Party of One.txt	2924
Dungeons & Discords.txt	2722
Trade Ya!.txt	3040
Secrets and Pies.txt	3116
The Ticket Master.txt	3132
Campfire Tales.txt	2723
The Super Speedy Cider Squeezy 6000.txt	2796
Newbie Dash.txt	2918
The Hooffields and McColts.txt	2774
Flight to the Finish.txt	2887
To Change a Changeling.txt	3135
School Raze - Part 2.txt	3065
A Horse Shoe-In.txt	3298
Griffon the Brush Off.txt	2793
Power Ponies.txt	2148
Suited For Success.txt	2664
Putting Your Hoof Down.txt	2969
Rainbow Falls.txt	2599
The Cutie Re-Mark - Part 1.txt	2501
The Mean 6.txt	3019
Sounds of Silence.txt	2796
May the Best Pet Win!.txt	2362
The Hearth's Warming Club.txt	2792
A Matter of Principals.txt	2734
Ponyville Confidential.txt	2904
Sonic Rainboom.txt	2639
It Isn't the Mane Thing About You.txt	2951
The Last Problem.txt	3339
Over a Barrel.txt	2421
Friendship is Magic, part 1.txt	2982
Between Dark and Dawn.txt	2842
Swarm of the Century.txt	2302
The Fault in Our Cutie Marks.txt	3397
Amending Fences.txt	2799
Shadow Play - Part 1.txt	2885
Sweet and Smoky.txt	2899
Princess Spike.txt	2763
Applebuck Season.txt	2588
She Talks to Angel.txt	2675
A Friend in Deed.txt	2731
Student Counsel.txt	3077
Apple Family Reunion.txt	2956
Buckball Season.txt	2808
Fall Weather Friends.txt	2700
Road to Friendship.txt	2955
Sleepless in Ponyville.txt	2543
Inspiration Manifestation.txt	2415
Twilight's Kingdom - Part 2.txt	1986
Honest Apple.txt	2839
Friendship University.txt	3090
Top Bolt.txt	2913
Every Little Thing She Does.txt	3035
It Ain't Easy Being Breezies.txt	2531
The Mane Attraction.txt	2778
Common Ground.txt	3320
Just for Sidekicks.txt	2809
For Whom the Sweetie Belle Toils.txt	2853
The End in Friend.txt	2879
Dragonshy.txt	2611
A Health of Information.txt	2802
Rock Solid Friendship.txt	2844
Canterlot Boutique.txt	2803
Fluttershy Leans In.txt	2664
Sweet and Elite.txt	2803
Luna Eclipsed.txt	2556
Pinkie Apple Pie.txt	2977
Scare Master.txt	2673
Read It and Weep.txt	2032
The Last Roundup.txt	2570
Bats!.txt	2490
Make New Friends but Keep Discord.txt	2761
Tanks for the Memories.txt	2138
2, 4, 6, Greaaat.txt	2919
Princess Twilight Sparkle - Part 2.txt	2073
Testing Testing 1, 2, 3.txt	3163
School Raze - Part 1.txt	2866
Appleoosa's Most Wanted.txt	2639
Look Before You Sleep.txt	2584
Princess Twilight Sparkle - Part 1.txt	2730
A Trivial Pursuit.txt	3128
Daring Doubt.txt	2951
Equestria Games.txt	2584
The Ending of the End - Part 1.txt	2833
Three's A Crowd.txt	3012
Marks and Recreation.txt	3047
Brotherhooves Social.txt	2721
Spice Up Your Life.txt	3098
Once Upon a Zeppelin.txt	3052
The Crystal Empire - Part 2.txt	2440
The Last Crusade.txt	3014
The Beginning of the End - Part 2.txt	2689
Simple Ways.txt	2766
Leap of Faith.txt	2768
The Mysterious Mare Do Well.txt	2193
Stare Master.txt	3097
Rarity Investigates!.txt	3319
The Summer Sun Setback.txt	2799
The Crystalling - Part 2.txt	2954
28 Pranks Later.txt	2482
Owl's Well That Ends Well.txt	2219
The Break Up Break Down.txt	3022
The Cart Before the Ponies.txt	2846
Magical Mystery Cure.txt	2507
Sparkle's Seven.txt	2899
Too Many Pinkie Pies.txt	3304
The Crystalling - Part 1.txt	3029
Hearth's Warming Eve.txt	2868
The Lost Treasure of Griffonstone.txt	2896
Pinkie Pride.txt	2859
The One Where Pinkie Pie Knows.txt	2819
She's All Yak.txt	2754
Twilight's Kingdom - Part 1.txt	2750
Winter Wrap Up.txt	2671
The Gift of the Maud Pie.txt	3330
Slice of Life.txt	2585
Baby Cakes.txt	2212
The Cutie Map - Part 1.txt	2754
Party Pooped.txt	2753
Going to Seed.txt	2875
Triple Threat.txt	3102
The Big Mac Question.txt	2963
The Crystal Empire - Part 1.txt	2586
Molt Down.txt	2712
Hard to Say Anything.txt	2600
On Your Marks.txt	2803
Flutter Brutter.txt	3093
The Last Laugh.txt	3194
Growing Up is Hard to Do.txt	2963
A Hearth's Warming Tail.txt	2801
Surf and or Turf.txt	2732
What About Discord?.txt	3213
Daring Don't.txt	2655
A Dog and Pony Show.txt	2427
The Beginning of the End - Part 1.txt	3033
The Times They Are A Changeling.txt	2772
A Royal Problem.txt	3103
Uncommon Bond.txt	2724
Twilight Time.txt	3007
Secret of My Excess.txt	2152
Dragon Dropped.txt	2791
The Maud Couple.txt	2879
To Where and Back Again - Part 1.txt	2814
Maud Pie.txt	2929
Dragon Quest.txt	2596
Daring Done?.txt	3065
The Ending of the End - Part 2.txt	3053
Fake It 'Til You Make It.txt	2826
Lesson Zero.txt	2903
Spike at Your Service.txt	2908
Sisterhooves Social.txt	2522
Celestial Advice.txt	3083
One Bad Apple.txt	2698
The Point of No Return.txt	2838
Hearthbreakers.txt	2914
Hurricane Fluttershy.txt	2269
Castle Sweet Castle.txt	3052
School Daze - Part 2.txt	2771
Father Knows Beast.txt	2842
Call of the Cutie.txt	3042
Applejack's "Day" Off.txt	2837
Filli Vanilli.txt	2741
Wonderbolts Academy.txt	2493
A Rockhoof and a Hard Place.txt	2951
The Cutie Mark Chronicles.txt	2485
Somepony to Watch Over Me.txt	2318
Keep Calm and Flutter On.txt	3087
Bridle Gossip.txt	2940
Horse Play.txt	3089
What Lies Beneath.txt	2668
Where the Apple Lies.txt	3545
All Bottled Up.txt	3135
The Return of Harmony Part 1.txt	2535
Do Princesses Dream of Magic Sheep?.txt	2248
Gauntlet of Fire.txt	2748
Stranger Than Fan Fiction.txt	3370
It's About Time.txt	3116
Green Isn't Your Color.txt	2519
Discordant Harmony.txt	2710
To Where and Back Again - Part 2.txt	2702
P.P.O.V. (Pony Point of View).txt	2869
Uprooted.txt	2491
Parental Glideance.txt	2682
A Canterlot Wedding - Part 1.txt	2988
The Best Night Ever.txt	2588
Forever Filly.txt	2553
Bloom & Gloom.txt	2782
A Flurry of Emotions.txt	2823
The Cutie Map - Part 2.txt	2792
Feeling Pinkie Keen.txt	2661
Hearts and Hooves Day.txt	2748
Shadow Play - Part 2.txt	3147
A Canterlot Wedding - Part 2.txt	1903
Not Asking for Trouble.txt	2738
Magic Duel.txt	2408
Friendship is Magic, part 2.txt	2406
Castle Mane-ia.txt	2657
Boast Busters.txt	2665
The Cutie Re-Mark - Part 2.txt	2573
Yakity-Sax.txt	2688
Made in Manehattan.txt	3022
Fame and Misfortune.txt	3021
Marks for Effort.txt	2650
Viva Las Pegasus.txt	3352
The Return of Harmony Part 2.txt	2284
Family Appreciation Day.txt	2558
School Daze - Part 1.txt	2995
Non-Compete Clause.txt	2474
The Perfect Pear.txt	3059
Rarity Takes Manehattan.txt	2980
The Cutie Pox.txt	2232
The Parent Map.txt	2868
The Saddle Row Review.txt	2992
Frenemies.txt	2764
The Washouts.txt	2888
Games Ponies Play.txt	3339
A Bird in the Hoof.txt	2451
No Second Prances.txt	2855
