Secrets and Pies	7
Winter Wrap Up	1
The Times They Are A Changeling	6
Marks for Effort	8
Uncommon Bond	7
The Lost Treasure of Griffonstone	5
Filli Vanilli	4
The Mysterious Mare Do Well	2
Rarity Takes Manehattan	4
Maud Pie	4
Forever Filly	7
Uprooted	9
Twilight's Kingdom - Part 2	4
Twilight's Kingdom - Part 1	4
Three's A Crowd	4
It's About Time	2
Once Upon a Zeppelin	7
Twilight Time	4
Pinkie Pride	4
Party of One	1
Secret of My Excess	2
Castle Sweet Castle	5
Student Counsel	9
Hearth's Warming Eve	2
The Hearth's Warming Club	8
Growing Up is Hard to Do	9
Crusaders of the Lost Mark	5
Simple Ways	4
Newbie Dash	6
Spike at Your Service	3
To Where and Back Again - Part 1	6
The Cutie Re-Mark - Part 2	5
The Cutie Map - Part 1	5
The Cutie Re-Mark - Part 1	5
The Cutie Map - Part 2	5
To Where and Back Again - Part 2	6
Applejack's "Day" Off	6
Made in Manehattan	5
Tanks for the Memories	5
The Beginning of the End - Part 1	9
The Beginning of the End - Part 2	9
Dragon Dropped	9
Amending Fences	5
The Crystal Empire - Part 2	3
Power Ponies	4
The Crystal Empire - Part 1	3
Bloom & Gloom	5
The One Where Pinkie Pie Knows	5
Griffon the Brush Off	1
Campfire Tales	7
Surf and or Turf	8
A Rockhoof and a Hard Place	8
Keep Calm and Flutter On	3
Celestial Advice	7
The Cart Before the Ponies	6
Pinkie Apple Pie	4
Apple Family Reunion	3
Dragonshy	1
Molt Down	8
Top Bolt	6
A Friend in Deed	2
A Royal Problem	7
The Gift of the Maud Pie	6
The Saddle Row Review	6
Friendship University	8
Every Little Thing She Does	6
Boast Busters	1
Sweet and Elite	2
Stranger Than Fan Fiction	6
Common Ground	9
A Dog and Pony Show	1
Princess Twilight Sparkle - Part 1	4
Princess Twilight Sparkle - Part 2	4
The Break Up Break Down	8
The Perfect Pear	7
Do Princesses Dream of Magic Sheep?	5
The End in Friend	8
The Hooffields and McColts	5
MMMystery on the Friendship Express	2
Princess Spike	5
The Last Problem	9
It Isn't the Mane Thing About You	7
Brotherhooves Social	5
Feeling Pinkie Keen	1
It Ain't Easy Being Breezies	4
Gauntlet of Fire	6
The Washouts	8
The Last Crusade	9
What About Discord?	5
2, 4, 6, Greaaat	9
The Show Stoppers	1
The Mean 6	8
Rock Solid Friendship	7
Call of the Cutie	1
Triple Threat	7
School Raze - Part 1	8
Look Before You Sleep	1
Sounds of Silence	8
Scare Master	5
School Raze - Part 2	8
Friendship is Magic, part 1	1
Friendship is Magic, part 2	1
A Trivial Pursuit	9
Hearthbreakers	5
Sisterhooves Social	2
Fluttershy Leans In	7
The Best Night Ever	1
Grannies Gone Wild	8
Castle Mane-ia	4
Discordant Harmony	7
Inspiration Manifestation	4
Frenemies	9
The Return of Harmony Part 1	2
What Lies Beneath	8
The Return of Harmony Part 2	2
Over a Barrel	1
For Whom the Sweetie Belle Toils	4
Applebuck Season	1
Bats!	4
Putting Your Hoof Down	2
Rainbow Falls	4
The Summer Sun Setback	9
Magic Duel	3
Magical Mystery Cure	3
A Hearth's Warming Tail	6
Green Isn't Your Color	1
Ponyville Confidential	2
Stare Master	1
Family Appreciation Day	2
Wonderbolts Academy	3
School Daze - Part 2	8
Non-Compete Clause	8
School Daze - Part 1	8
To Change a Changeling	7
Luna Eclipsed	2
Read It and Weep	2
The Cutie Mark Chronicles	1
Equestria Games	4
Trade Ya!	4
Baby Cakes	2
Marks and Recreation	7
Swarm of the Century	1
Between Dark and Dawn	9
Yakity-Sax	8
Flutter Brutter	6
The Fault in Our Cutie Marks	6
Games Ponies Play	3
Appleoosa's Most Wanted	5
Hearts and Hooves Day	2
The Maud Couple	8
The Cutie Pox	2
Testing Testing 1, 2, 3	4
Fame and Misfortune	7
Rarity Investigates!	5
Honest Apple	7
The Mane Attraction	5
Sweet and Smoky	9
She Talks to Angel	9
May the Best Pet Win!	2
The Ticket Master	1
Not Asking for Trouble	7
Daring Don't	4
Somepony to Watch Over Me	4
She's All Yak	9
Buckball Season	6
The Crystalling - Part 2	6
The Crystalling - Part 1	6
Sparkle's Seven	9
The Last Laugh	9
Make New Friends but Keep Discord	5
A Flurry of Emotions	7
Hard to Say Anything	7
Sleepless in Ponyville	3
Just for Sidekicks	3
A Health of Information	7
Parental Glideance	7
Party Pooped	5
The Super Speedy Cider Squeezy 6000	2
One Bad Apple	3
Dungeons & Discords	6
Slice of Life	5
Horse Play	8
Shadow Play - Part 2	7
Flight to the Finish	4
A Matter of Principals	8
Leap of Faith	4
Sonic Rainboom	1
Shadow Play - Part 1	7
Lesson Zero	2
The Ending of the End - Part 2	9
Dragon Quest	2
The Ending of the End - Part 1	9
Fake It 'Til You Make It	8
Bridle Gossip	1
Too Many Pinkie Pies	3
The Last Roundup	2
The Big Mac Question	9
Hurricane Fluttershy	2
All Bottled Up	7
A Canterlot Wedding - Part 2	2
A Canterlot Wedding - Part 1	2
Daring Done?	7
The Parent Map	8
28 Pranks Later	6
Fall Weather Friends	1
Suited For Success	1
Going to Seed	9
On Your Marks	6
A Bird in the Hoof	1
Owl's Well That Ends Well	1
Road to Friendship	8
Daring Doubt	9
Father Knows Beast	8
The Point of No Return	9
Viva Las Pegasus	6
No Second Prances	6
Spice Up Your Life	6
Canterlot Boutique	5
P.P.O.V. (Pony Point of View)	6
A Horse Shoe-In	9
Where the Apple Lies	6
